sun;sunlight;50.0
automobile;car;50.0
river;water;49.0
stairs;staircase;49.0
morning;sunrise;49.0
rain;storm;49.0
cat;kittens;49.0
dance;dancers;49.0
camera;photography;49.0
cat;feline;48.0
sunny;sunshine;48.0
pregnancy;pregnant;48.0
beach;sand;48.0
bakery;bread;48.0
flowers;garden;48.0
grass;lawn;48.0
copper;metal;48.0
photos;photography;47.0
cemetery;graveyard;47.0
gravestone;graveyard;47.0
sun;sunshine;47.0
black;dark;47.0
cathedral;church;47.0
frozen;ice;47.0
station;subway;47.0
children;kids;46.0
aquarium;fish;46.0
light;lighting;46.0
fungi;mushrooms;46.0
frost;snow;46.0
burn;flame;46.0
ocean;sea;46.0
candy;chocolate;46.0
car;vehicle;46.0
concert;music;46.0
photos;picture;46.0
grapes;wine;46.0
bath;bathroom;46.0
buds;flowers;46.0
cat;kitty;46.0
ocean;water;46.0
aircraft;airplane;46.0
butterfly;caterpillars;46.0
hair;wig;46.0
blossom;buds;46.0
highway;road;46.0
bunny;rabbit;46.0
bread;sandwich;46.0
mist;misty;46.0
flowers;petals;46.0
airplane;flight;46.0
fish;fishing;46.0
ice;snow;46.0
bright;sun;45.0
shade;tree;45.0
bicycle;bike;45.0
truck;vehicle;45.0
shore;water;45.0
boat;fishing;45.0
dog;puppy;45.0
bride;wedding;45.0
birds;hummingbird;45.0
sea;water;45.0
cow;milk;45.0
birds;feathers;45.0
skate;skating;45.0
chapel;church;45.0
branch;twigs;45.0
concert;musicians;45.0
clothes;dress;45.0
automobile;vehicle;45.0
splash;swimming;45.0
bed;furniture;45.0
aircraft;flight;45.0
reptiles;snake;45.0
motorcycle;scooter;45.0
coffee;tea;45.0
feathers;goose;45.0
pool;swimming;45.0
eyes;face;45.0
dirt;dirty;45.0
railway;train;45.0
harbour;port;45.0
fruit;strawberry;45.0
flight;plane;45.0
smoke;smoking;45.0
ivy;plant;45.0
river;stream;45.0
lake;water;45.0
kittens;kitty;45.0
snow;snowman;45.0
dog;terrier;45.0
daffodils;flowers;45.0
pond;water;45.0
show;television;44.0
handwriting;written;44.0
flood;water;44.0
jazz;musicians;44.0
eagle;feathers;44.0
grapes;vine;44.0
birds;hawk;44.0
clothes;outfit;44.0
exhibition;museum;44.0
hand;palm;44.0
grave;graveyard;44.0
berry;strawberry;44.0
forest;oak;44.0
crochet;knitting;44.0
birds;eagle;44.0
canine;puppy;44.0
bar;cocktail;44.0
bar;pub;44.0
sunlight;sunshine;44.0
apple;fruit;44.0
sun;sunrise;44.0
gymnastics;sports;44.0
sailing;ship;44.0
beach;sea;44.0
game;hockey;44.0
bed;pillow;44.0
daffodils;tulip;44.0
flowers;plant;44.0
fire;smoke;44.0
canine;dog;44.0
bracelet;jewelry;44.0
feline;kitty;44.0
architecture;building;44.0
shop;shopping;44.0
highway;traffic;44.0
lizard;reptiles;44.0
music;piano;44.0
strawberry;sweet;44.0
snow;winter;44.0
autumn;spring;44.0
bacon;meat;44.0
raspberry;strawberry;44.0
chipmunk;squirrel;44.0
coast;harbor;44.0
dress;skirt;44.0
sun;sunny;44.0
lily;tulip;44.0
grave;gravestone;44.0
bright;sunny;44.0
dandelion;plant;44.0
light;sunlight;44.0
hill;mountain;43.0
burger;food;43.0
sea;shore;43.0
feathers;peacock;43.0
children;mother;43.0
night;sunset;43.0
orange;peel;43.0
subway;train;43.0
camera;lens;43.0
daisy;petals;43.0
aircraft;wing;43.0
bloom;flowers;43.0
clothes;jacket;43.0
dinner;restaurant;43.0
swim;swimming;43.0
cemetery;gravestone;43.0
cigarette;smoke;43.0
shirt;skirt;43.0
baby;pregnant;43.0
cherry;fruit;43.0
beef;meat;43.0
blossom;daffodils;43.0
bloom;blossom;43.0
maple;oak;43.0
frost;winter;43.0
colour;pink;43.0
dog;poodle;43.0
lantern;light;43.0
coast;sea;43.0
tunnel;underground;43.0
dog;pets;43.0
hair;haircut;43.0
day;sunset;43.0
bikini;swimsuit;43.0
rail;railway;43.0
art;museum;43.0
painting;portrait;43.0
dress;wedding;43.0
poodle;puppy;43.0
port;ship;43.0
bloom;tulip;43.0
cold;winter;43.0
bakery;cake;43.0
building;roof;43.0
iron;steel;43.0
birds;stork;43.0
lily;plant;43.0
eat;food;43.0
bathroom;kitchen;43.0
jazz;music;43.0
fabric;wool;43.0
aquarium;tank;43.0
fire;flame;43.0
bloom;rose;43.0
leaf;nature;43.0
town;village;43.0
apple;orange;43.0
dawn;sunrise;43.0
engine;gasoline;43.0
oak;tree;43.0
guitar;piano;43.0
chocolate;dessert;43.0
cat;paws;43.0
birds;goose;43.0
blue;sky;43.0
pool;swim;43.0
bracelet;necklace;42.0
fruit;salad;42.0
eggs;nest;42.0
boat;sailing;42.0
birds;crow;42.0
birds;flamingo;42.0
day;sunshine;42.0
hockey;sports;42.0
burger;eat;42.0
fruit;raspberry;42.0
lunch;sandwich;42.0
feet;toes;42.0
baby;mother;42.0
amphibians;frog;42.0
burn;fire;42.0
hockey;ice;42.0
cold;frozen;42.0
oak;wood;42.0
photographer;photography;42.0
man;women;42.0
hair;redhead;42.0
harbor;port;42.0
pug;puppy;42.0
sunrise;sunset;42.0
leather;shoes;42.0
beach;shore;42.0
color;red;42.0
painted;painting;42.0
storm;wind;42.0
color;violet;42.0
rain;wet;42.0
diner;eat;42.0
bed;bedroom;42.0
guitar;musicians;42.0
petals;rose;42.0
rail;subway;42.0
holiday;vacation;42.0
bed;sleep;42.0
cigarette;smoking;42.0
airplane;plane;42.0
daffodils;plant;42.0
diner;kitchen;42.0
coins;silver;42.0
cake;chocolate;42.0
evening;night;42.0
race;racing;42.0
flight;flying;42.0
face;lips;42.0
berry;raspberry;42.0
lamp;light;42.0
birds;nest;42.0
mother;pregnant;42.0
animals;pets;42.0
butterfly;insects;42.0
sky;sunrise;42.0
canine;husky;42.0
food;meat;42.0
cloud;sky;42.0
crow;feathers;42.0
blossom;flowers;42.0
splash;swim;42.0
band;musicians;42.0
cactus;plant;42.0
eagle;hawk;42.0
harbour;sea;42.0
flowers;foliage;42.0
red;violet;42.0
music;sing;42.0
breakfast;morning;42.0
cafe;restaurant;42.0
beach;coast;42.0
puddle;splash;42.0
birds;pelican;42.0
clothes;socks;42.0
amphibians;lizard;41.0
daughter;son;41.0
car;motor;41.0
amphibians;reptiles;41.0
day;morning;41.0
aircraft;flying;41.0
airplane;airport;41.0
metro;train;41.0
band;music;41.0
shadow;sunlight;41.0
night;sleep;41.0
salad;soup;41.0
porch;roof;41.0
eyes;tears;41.0
colour;rainbow;41.0
berry;fruit;41.0
red;yellow;41.0
socks;stockings;41.0
flamingo;hummingbird;41.0
tree;twigs;41.0
kiss;lips;41.0
burger;sandwich;41.0
pregnant;women;41.0
rain;weather;41.0
dinner;eat;41.0
feathers;hawk;41.0
animals;zoo;41.0
duck;mallard;41.0
mountain;valley;41.0
beach;harbour;41.0
musicians;rock;41.0
band;guitar;41.0
car;garage;41.0
feet;leg;41.0
sky;sunlight;41.0
mist;rain;41.0
mother;son;41.0
airplane;wing;41.0
colour;red;41.0
music;musicians;41.0
bay;beach;41.0
blonde;redhead;41.0
petals;plant;41.0
kitchen;room;41.0
lingerie;sexy;41.0
automobile;parking;41.0
bar;restaurant;41.0
bedroom;room;41.0
bus;taxi;41.0
fun;happy;41.0
station;train;41.0
pelican;stork;41.0
black;grey;41.0
orange;yellow;41.0
foliage;petals;41.0
park;parking;41.0
lips;tongue;41.0
fog;misty;41.0
canine;poodle;41.0
bath;washing;41.0
foliage;tree;41.0
panorama;view;41.0
bloom;daisy;41.0
escalator;stairs;41.0
petals;tulip;41.0
fishing;sea;41.0
beef;cattle;41.0
noodles;rice;41.0
birds;parrot;41.0
fruit;orange;41.0
mural;painting;41.0
airport;flight;41.0
shopping;store;41.0
summer;sunny;41.0
road;sidewalk;41.0
airplane;flying;41.0
guitar;music;40.0
cat;whiskers;40.0
family;friends;40.0
bloom;petals;40.0
musicians;piano;40.0
dirty;washing;40.0
elephant;giraffe;40.0
puppy;terrier;40.0
breakfast;kitchen;40.0
subway;underground;40.0
sand;shore;40.0
butterfly;dragonfly;40.0
cheetah;lion;40.0
color;yellow;40.0
door;locked;40.0
bright;sunlight;40.0
van;vehicle;40.0
orange;red;40.0
beetles;insects;40.0
kids;mom;40.0
daughter;mother;40.0
children;school;40.0
giraffe;zebra;40.0
harbor;harbour;40.0
lamb;sheep;40.0
heart;love;40.0
lily;rose;40.0
asphalt;road;40.0
morning;sunny;40.0
coast;shore;40.0
sunny;sunset;40.0
nest;twigs;40.0
happy;smile;40.0
figure;skating;40.0
rail;train;40.0
door;wall;40.0
dawn;sun;40.0
feathers;stork;40.0
morning;sunshine;40.0
building;construction;40.0
cafe;coffee;40.0
bloom;buds;40.0
jacket;leather;40.0
map;travel;40.0
plant;seed;40.0
city;metro;40.0
pebbles;sand;40.0
cafe;lunch;40.0
coast;harbour;40.0
dog;pug;40.0
sky;sun;40.0
mallard;swan;40.0
cloud;rain;40.0
sky;sunshine;40.0
frost;weather;40.0
cherry;raspberry;40.0
downtown;street;40.0
bloom;dandelion;40.0
dragonfly;insects;40.0
bottle;wine;40.0
feel;happy;40.0
railway;station;40.0
beach;swimming;40.0
cafe;diner;40.0
cafe;pub;40.0
building;tall;40.0
burger;meat;40.0
gold;silver;40.0
summer;weather;40.0
military;soldiers;40.0
cemetery;grave;40.0
pizza;restaurant;39.0
bright;colour;39.0
canine;paws;39.0
swim;underwater;39.0
sea;swim;39.0
pub;restaurant;39.0
day;time;39.0
canine;terrier;39.0
bottle;glass;39.0
bed;relaxed;39.0
seed;sunflower;39.0
birds;owl;39.0
art;sculpture;39.0
light;shade;39.0
apartment;staircase;39.0
outfit;socks;39.0
carrots;potatoes;39.0
lizard;snake;39.0
city;sidewalk;39.0
guitar;rock;39.0
brick;building;39.0
eat;soup;39.0
dew;misty;39.0
blue;colour;39.0
dawn;morning;39.0
cooking;restaurant;39.0
bay;sea;39.0
cafe;shop;39.0
floor;roof;39.0
clothes;hat;39.0
marble;stone;39.0
duck;goose;39.0
collection;museum;39.0
happy;love;39.0
bakery;shop;39.0
mist;wet;39.0
blossom;petals;39.0
bright;light;39.0
rice;sushi;39.0
cooking;meat;39.0
day;night;39.0
kiss;love;39.0
stream;waterfall;39.0
interior;room;39.0
surf;surfers;39.0
poodle;terrier;39.0
cold;frost;39.0
city;town;39.0
ocean;underwater;39.0
harbor;sailing;39.0
scenery;sunset;39.0
green;violet;39.0
harbor;ship;39.0
summer;sunshine;39.0
blue;grey;39.0
art;graphic;39.0
lake;shore;39.0
rust;rusty;39.0
architecture;design;39.0
goose;swan;39.0
architecture;construction;39.0
hawk;nest;39.0
carrots;salad;39.0
fruit;tomato;39.0
purple;violet;39.0
misty;rain;39.0
clothes;jean;39.0
bloom;daffodils;39.0
brick;construction;39.0
diner;restaurant;39.0
ceiling;roof;39.0
painted;portrait;39.0
ripples;wave;39.0
beard;face;39.0
apple;raspberry;39.0
fashion;outfit;39.0
downtown;skyscraper;39.0
buds;daffodils;39.0
harbor;shore;39.0
blonde;hair;39.0
kittens;paws;39.0
bay;shore;39.0
shop;store;39.0
gravestone;memorial;38.0
canine;pug;38.0
crow;hawk;38.0
dress;outfit;38.0
city;urban;38.0
bedroom;door;38.0
bus;tram;38.0
spring;summer;38.0
scenery;waterfall;38.0
road;traffic;38.0
hill;valley;38.0
ceiling;floor;38.0
splash;water;38.0
grass;weed;38.0
sunny;weather;38.0
parrot;wing;38.0
daisy;violet;38.0
copper;silver;38.0
baseball;hockey;38.0
pets;poodle;38.0
blossom;foliage;38.0
pink;purple;38.0
grey;shade;38.0
panorama;scenery;38.0
downtown;metro;38.0
beard;hair;38.0
dandelion;petals;38.0
blue;violet;38.0
daisy;flowers;38.0
noodles;soup;38.0
pets;puppy;38.0
buds;petals;38.0
ancient;ruins;38.0
eyes;iris;38.0
puddle;water;38.0
harbor;sea;38.0
painting;sculpture;38.0
sand;sea;38.0
feline;kittens;38.0
birds;swan;38.0
baseball;game;38.0
colour;purple;38.0
pool;splash;38.0
cattle;sheep;38.0
landscape;scenery;38.0
coins;gold;38.0
boat;shore;38.0
skyscraper;tall;38.0
apple;cherry;38.0
beef;chicken;38.0
hot;sunny;38.0
dessert;fruit;38.0
photographer;portrait;38.0
chicken;meat;38.0
ceiling;interior;38.0
bathroom;bedroom;38.0
hummingbird;stork;38.0
motor;vehicle;38.0
colour;grey;38.0
blue;orange;38.0
dawn;dusk;38.0
building;downtown;38.0
face;tears;38.0
boat;harbour;38.0
cattle;farm;38.0
dripping;wet;38.0
brown;green;38.0
bedroom;ceiling;38.0
bread;eat;38.0
dinner;evening;38.0
face;smile;38.0
bride;dress;38.0
stone;wall;38.0
mural;painted;38.0
foliage;plant;38.0
day;dusk;38.0
roof;wall;38.0
cooking;food;38.0
photography;portrait;38.0
buds;foliage;38.0
lily;pond;37.0
harbour;shore;37.0
palm;tree;37.0
bus;subway;37.0
holiday;travel;37.0
skyline;view;37.0
bedroom;cottage;37.0
dinner;lunch;37.0
grave;memorial;37.0
dessert;sweet;37.0
birds;insects;37.0
concert;rock;37.0
mushrooms;tomato;37.0
metro;railway;37.0
giraffe;zoo;37.0
railway;subway;37.0
misty;weather;37.0
parrot;pelican;37.0
bedroom;sleep;37.0
autumn;summer;37.0
automobile;truck;37.0
amphibians;mammals;37.0
cemetery;memorial;37.0
orange;purple;37.0
blue;color;37.0
daffodils;rose;37.0
berry;seed;37.0
hummingbird;mallard;37.0
dandelion;grass;37.0
brick;concrete;37.0
costumes;dress;37.0
cloud;mist;37.0
sea;tropical;37.0
brown;grey;37.0
bathroom;room;37.0
daisy;plant;37.0
painted;picture;37.0
eyes;lips;37.0
autumn;winter;37.0
dripping;rain;37.0
horizon;sky;37.0
black;blue;37.0
metro;station;37.0
alley;street;37.0
children;family;37.0
mountain;scenery;37.0
concrete;construction;37.0
mill;windmill;37.0
summer;winter;37.0
plant;twigs;37.0
breakfast;lunch;37.0
concrete;floor;37.0
rain;sky;37.0
food;frozen;37.0
moss;plant;37.0
flowers;spring;37.0
birds;mallard;37.0
graphic;illustrations;37.0
eat;fruit;37.0
ceiling;porch;37.0
river;valley;37.0
fog;mist;37.0
dude;guy;37.0
moon;sky;37.0
bar;sushi;37.0
beauty;scenery;37.0
feathers;mallard;37.0
furniture;patio;37.0
light;shadow;37.0
bay;harbour;37.0
washing;water;37.0
flight;owl;37.0
paws;whiskers;37.0
costumes;wig;37.0
animals;giraffe;37.0
autumn;foliage;37.0
animals;cattle;37.0
building;skyscraper;37.0
ice;skating;37.0
meat;potatoes;37.0
buds;twigs;37.0
knitting;stitches;37.0
hot;sunshine;37.0
bed;room;37.0
music;rock;37.0
cooking;rice;37.0
berry;cherry;37.0
piano;played;37.0
flowers;lily;37.0
cherry;strawberry;37.0
clothes;skirt;37.0
art;painting;37.0
birds;gull;37.0
spiral;staircase;37.0
paws;pets;37.0
feathers;nest;37.0
feathers;owl;37.0
blossom;cherry;37.0
goats;sheep;37.0
green;pink;37.0
foliage;garden;37.0
dog;husky;37.0
feathers;hummingbird;37.0
sunshine;weather;37.0
snow;weather;37.0
surfers;wave;37.0
breakfast;dinner;37.0
shoes;toes;37.0
band;played;37.0
coffee;mug;37.0
brick;wall;37.0
fishing;sailing;37.0
grey;white;37.0
orange;strawberry;37.0
color;purple;37.0
blossom;daisy;37.0
hawk;owl;37.0
exhibition;photography;37.0
morning;night;37.0
band;concert;37.0
dress;shirt;37.0
river;waterfall;37.0
ceramic;tiles;36.0
cloud;droplets;36.0
exhibition;sculpture;36.0
oak;twigs;36.0
movie;television;36.0
butterfly;hummingbird;36.0
daisy;grass;36.0
floor;marble;36.0
canyon;river;36.0
decoration;interior;36.0
flamingo;stork;36.0
born;mother;36.0
moon;sun;36.0
musicians;sing;36.0
green;red;36.0
purple;white;36.0
canine;pets;36.0
morning;sleep;36.0
weather;winter;36.0
sky;sunny;36.0
jacket;socks;36.0
blue;red;36.0
green;grey;36.0
lily;petals;36.0
blue;purple;36.0
goose;mallard;36.0
hotel;restaurant;36.0
downtown;urban;36.0
jean;skirt;36.0
guy;people;36.0
birthday;happy;36.0
chicken;soup;36.0
flying;wing;36.0
door;room;36.0
skyline;skyscraper;36.0
cheetah;giraffe;36.0
feline;pets;36.0
car;parking;36.0
gull;mallard;36.0
spring;winter;36.0
daffodils;spring;36.0
building;skyline;36.0
salad;tomato;36.0
book;written;36.0
bucket;water;36.0
lady;sexy;36.0
ceiling;room;36.0
puddle;rain;36.0
costumes;outfit;36.0
hill;scenery;36.0
bacon;chicken;36.0
dawn;night;36.0
cocktail;restaurant;36.0
daffodils;petals;36.0
canyon;valley;36.0
brick;house;36.0
band;rock;36.0
book;illustrations;36.0
desk;sitting;36.0
bright;sky;36.0
autumn;sunny;36.0
colour;yellow;36.0
cold;weather;36.0
blue;green;36.0
glittering;sunlight;36.0
dripping;water;36.0
day;misty;36.0
food;noodles;36.0
goats;milk;36.0
pink;yellow;36.0
floor;interior;36.0
black;purple;36.0
door;window;36.0
city;skyline;36.0
born;living;35.0
art;work;35.0
pink;violet;35.0
bath;room;35.0
dew;rain;35.0
boys;girls;35.0
canyon;mountain;35.0
white;yellow;35.0
colour;shade;35.0
banana;cherry;35.0
mammals;rodents;35.0
explosion;fire;35.0
shore;swim;35.0
cloud;misty;35.0
sitting;stand;35.0
glittering;gold;35.0
black;white;35.0
light;neon;35.0
machine;washing;35.0
coffee;dinner;35.0
feathers;flamingo;35.0
downtown;sidewalk;35.0
cooking;eat;35.0
feline;paws;35.0
crow;gull;35.0
festival;music;35.0
dirt;road;35.0
gull;pelican;35.0
carrots;tomato;35.0
blossom;tree;35.0
restaurant;shop;35.0
cherry;grapes;35.0
automobile;racing;35.0
jazz;piano;35.0
hawk;pelican;35.0
baseball;played;35.0
bloom;plant;35.0
ceiling;wall;35.0
beef;potatoes;35.0
breakfast;restaurant;35.0
black;colour;35.0
bright;glittering;35.0
hummingbird;nest;35.0
feline;whiskers;35.0
beach;holiday;35.0
sailing;shore;35.0
design;graphic;35.0
music;track;35.0
air;cold;35.0
dessert;eat;35.0
chocolate;strawberry;35.0
dinner;night;35.0
dusk;sunrise;35.0
boat;sunk;35.0
beef;cooking;35.0
jacket;jean;35.0
computer;lab;35.0
downtown;skyline;35.0
fun;game;35.0
ivy;tree;35.0
nest;wasp;35.0
garden;pumpkin;35.0
curled;haircut;35.0
eat;meat;35.0
outfit;skirt;35.0
bacon;beef;35.0
skyscraper;tower;35.0
splash;washing;35.0
daffodils;foliage;34.0
garden;patio;34.0
metro;subway;34.0
beach;scenery;34.0
photographer;wedding;34.0
floor;room;34.0
purple;yellow;34.0
guitar;sing;34.0
petals;yellow;34.0
beads;necklace;34.0
black;brown;34.0
dessert;strawberry;34.0
beef;lamb;34.0
bread;potatoes;34.0
fishing;harbour;34.0
pug;terrier;34.0
evening;time;34.0
office;table;34.0
cat;licking;34.0
building;interior;34.0
crochet;stitches;34.0
spring;sunshine;34.0
concert;jazz;34.0
cooking;soup;34.0
shade;sun;34.0
tall;tower;34.0
pepper;salad;34.0
strawberry;tomato;34.0
fruit;peel;34.0
scenery;skyline;34.0
green;yellow;34.0
brown;orange;34.0
colour;orange;34.0
harbour;ship;34.0
violet;yellow;34.0
sports;swimming;34.0
friends;happy;34.0
blue;pink;34.0
blossom;orange;34.0
rail;station;34.0
potatoes;salad;34.0
interior;wall;34.0
hawk;hummingbird;34.0
cliff;coast;34.0
feathers;wing;34.0
brown;yellow;34.0
raspberry;sweet;34.0
concert;sing;34.0
art;craft;34.0
bloom;foliage;34.0
chicken;rice;34.0
cherry;orange;34.0
blossom;fruit;34.0
animals;wild;34.0
line;railway;34.0
roof;tiles;34.0
concert;piano;34.0
potatoes;rice;34.0
cloud;sunshine;34.0
marble;statue;34.0
frozen;meat;34.0
band;punk;34.0
insects;reptiles;34.0
building;staircase;34.0
bed;breakfast;34.0
bloom;lily;34.0
blonde;girls;34.0
jean;outfit;34.0
bread;cooking;34.0
flowers;violet;34.0
peel;skin;34.0
dessert;diner;34.0
art;exhibition;34.0
jacket;shirt;34.0
brown;purple;34.0
floor;patio;34.0
downtown;highway;34.0
purple;red;34.0
dragonfly;frog;33.0
mammals;monkeys;33.0
mist;morning;33.0
feathers;gull;33.0
gull;stork;33.0
dusk;morning;33.0
guitar;played;33.0
bloom;violet;33.0
mallard;stork;33.0
band;piano;33.0
glittering;sky;33.0
orange;pink;33.0
potatoes;soup;33.0
grey;violet;33.0
construction;demolition;33.0
scenery;valley;33.0
morning;sky;33.0
beach;cliff;33.0
storm;tropical;33.0
black;pink;33.0
hat;jacket;33.0
dragonfly;hummingbird;33.0
pink;white;33.0
blue;yellow;33.0
cold;hot;33.0
flowers;pink;33.0
bright;star;33.0
restaurant;sushi;33.0
guitar;keyboard;33.0
diner;sushi;33.0
furniture;room;33.0
desert;scenery;33.0
cafe;dinner;33.0
bakery;cafe;33.0
flamingo;pelican;33.0
salad;sandwich;33.0
bright;dark;33.0
building;floor;33.0
bacon;eat;33.0
apartment;floor;33.0
railway;underground;33.0
lips;smile;33.0
fungi;plant;33.0
breakfast;diner;33.0
feathers;pelican;33.0
bath;hot;33.0
arch;roof;33.0
game;match;33.0
metro;rail;33.0
decoration;wood;33.0
building;demolition;33.0
art;collage;33.0
ship;sunk;33.0
grey;purple;33.0
garden;lawn;33.0
orange;violet;33.0
ivy;oak;33.0
dog;licking;33.0
dawn;sunny;33.0
fun;kids;33.0
lunch;restaurant;33.0
metro;underground;33.0
eat;strawberry;33.0
foliage;rose;33.0
evening;sleep;33.0
construction;interior;33.0
weather;wet;33.0
fruit;nuts;33.0
car;park;33.0
ink;pencil;32.0
frost;wet;32.0
mural;work;32.0
berry;blossom;32.0
decoration;lighting;32.0
man;muscle;32.0
dripping;puddle;32.0
porch;stairs;32.0
brown;red;32.0
iron;rusty;32.0
apartment;bedroom;32.0
foliage;lily;32.0
face;happy;32.0
airport;traffic;32.0
rain;wind;32.0
handwriting;sketch;32.0
city;living;32.0
rain;sunny;32.0
blonde;haircut;32.0
abandoned;ruins;32.0
black;yellow;32.0
bacon;cooking;32.0
dragonfly;pond;32.0
ceiling;staircase;32.0
morning;time;32.0
potatoes;sweet;32.0
day;sunny;32.0
hotel;house;32.0
guy;haircut;32.0
mud;sand;32.0
staircase;wall;32.0
brown;white;32.0
dinner;sitting;32.0
evening;morning;32.0
bench;sitting;32.0
hummingbird;pelican;32.0
bike;chopper;32.0
foliage;tulip;32.0
bar;cafe;32.0
autumn;sunshine;32.0
potatoes;tomato;32.0
scenery;trail;32.0
jacket;skirt;32.0
construction;skyscraper;32.0
chicken;lamb;32.0
grey;orange;32.0
bikini;lake;32.0
carrots;soup;32.0
bar;diner;32.0
dessert;frozen;32.0
cooking;diner;32.0
violet;white;32.0
apple;dessert;32.0
cooking;noodles;32.0
born;son;32.0
insects;lizard;32.0
foliage;twigs;32.0
outdoor;pool;32.0
morning;sunset;32.0
escalator;subway;32.0
bacon;soup;32.0
berry;sweet;32.0
grey;pink;32.0
rain;sunshine;32.0
game;played;32.0
cocktail;dinner;32.0
building;concrete;32.0
street;town;32.0
friends;love;32.0
festival;musicians;32.0
berry;twigs;32.0
ball;dropped;31.0
black;violet;31.0
hawk;wild;31.0
cooking;salad;31.0
floor;staircase;31.0
lawn;patio;31.0
guy;sports;31.0
blossom;purple;31.0
cold;rain;31.0
reptiles;wild;31.0
glittering;sunshine;31.0
room;staircase;31.0
mammals;wild;31.0
interior;painted;31.0
forest;frog;31.0
ceiling;window;31.0
coast;sailing;31.0
relaxed;sitting;31.0
fungi;moss;31.0
interior;staircase;31.0
bride;photographer;31.0
dirt;racing;31.0
frozen;raspberry;31.0
boys;school;31.0
brown;violet;31.0
played;stadium;31.0
chapel;graveyard;31.0
dew;frost;31.0
dark;grey;31.0
desert;mountain;31.0
berry;purple;31.0
collage;illustrations;31.0
cold;wet;31.0
burger;cooking;31.0
day;evening;31.0
jean;shirt;31.0
blue;white;31.0
giraffe;lion;31.0
dandelion;foliage;31.0
birds;reptiles;31.0
bathroom;floor;31.0
love;smile;31.0
small;village;31.0
hat;jean;31.0
bright;orange;31.0
buds;fruit;31.0
fell;tears;31.0
food;fruit;31.0
red;white;31.0
collage;exhibition;31.0
orange;raspberry;31.0
hat;outfit;31.0
hockey;played;31.0
berry;eat;31.0
bag;pillow;31.0
bread;salad;31.0
bathroom;ceiling;31.0
bacon;burger;31.0
ceramic;floor;31.0
fun;relaxed;31.0
dawn;misty;31.0
hot;weather;31.0
pepper;potatoes;31.0
pink;red;31.0
interior;roof;31.0
cute;kids;31.0
vine;wine;31.0
skyline;tower;31.0
pets;terrier;31.0
girls;sexy;31.0
downtown;subway;31.0
jump;leg;31.0
dessert;salad;31.0
shirt;socks;31.0
exhibition;painting;31.0
boardwalk;trail;31.0
apple;blossom;31.0
hawk;mallard;31.0
hand;stand;31.0
flowers;yellow;31.0
floor;porch;31.0
dripping;washing;31.0
foliage;ivy;31.0
cliff;waterfall;30.0
foliage;fruit;30.0
orange;white;30.0
station;underground;30.0
foliage;yellow;30.0
dude;friends;30.0
forest;tropical;30.0
rain;sun;30.0
belly;dance;30.0
man;sexy;30.0
colorful;outfit;30.0
reptiles;rodents;30.0
burger;salad;30.0
fruit;sweet;30.0
flamingo;mallard;30.0
garage;kitchen;30.0
roof;stairs;30.0
club;hockey;30.0
house;staircase;30.0
feel;kiss;30.0
bright;red;30.0
lake;valley;30.0
door;patio;30.0
apartment;kitchen;30.0
grey;yellow;30.0
chicken;salad;30.0
punk;rock;30.0
bloom;twigs;30.0
blonde;wig;30.0
cold;water;30.0
blurred;lens;30.0
door;porch;30.0
foliage;orchids;30.0
door;interior;30.0
female;makeup;30.0
cloud;sunlight;30.0
beach;pebbles;30.0
bright;yellow;30.0
bed;floor;30.0
cherry;dessert;30.0
misty;sunrise;30.0
dark;shade;30.0
railroad;underground;30.0
cafe;donut;30.0
musicians;punk;30.0
memorial;people;30.0
stop;time;30.0
glittering;star;30.0
fun;idea;30.0
band;uniform;30.0
insects;plant;30.0
bedroom;kitchen;30.0
harbour;scenery;30.0
collage;painting;30.0
mist;sky;30.0
dawn;sunshine;30.0
costumes;shirt;30.0
mud;water;30.0
blossom;violet;30.0
fishing;shore;30.0
cloud;sunny;30.0
shade;sunlight;30.0
friends;smile;30.0
bacon;salad;30.0
pod;round;30.0
flowers;fruit;30.0
abstract;museum;30.0
door;stairs;30.0
feet;tall;30.0
cooking;fruit;30.0
burger;soup;30.0
match;played;30.0
cattle;goats;29.0
camera;theatre;29.0
flowers;wild;29.0
licking;lips;29.0
lunch;tea;29.0
berry;dessert;29.0
downtown;shopping;29.0
kitchen;washing;29.0
petals;twigs;29.0
happy;kids;29.0
amphibians;birds;29.0
cold;sunny;29.0
meat;soup;29.0
camel;desert;29.0
foliage;shade;29.0
restaurant;room;29.0
couple;family;29.0
birds;mammals;29.0
arch;porch;29.0
kitty;licking;29.0
blossom;ivy;29.0
grey;red;29.0
bright;pink;29.0
bay;cliff;29.0
door;staircase;29.0
chess;toys;29.0
gull;hummingbird;29.0
beauty;peacock;29.0
boardwalk;park;29.0
city;ruins;29.0
bay;swim;29.0
daisy;foliage;29.0
apartment;bathroom;29.0
flowers;purple;29.0
hill;path;29.0
match;stadium;29.0
monument;ruins;29.0
dark;white;29.0
ancient;city;29.0
licking;puppy;29.0
metal;punk;29.0
hotel;relaxed;29.0
nuts;sunflower;29.0
hot;wet;29.0
glass;vinyl;29.0
foliage;moss;29.0
coast;scenery;29.0
bacon;bread;29.0
brick;roof;29.0
wet;winter;29.0
dark;silhouette;29.0
bacon;dessert;29.0
floor;stairs;29.0
day;lunch;29.0
line;lunch;29.0
room;sitting;29.0
interior;outdoor;29.0
shirt;white;29.0
licking;paws;29.0
brown;pink;29.0
friends;fun;29.0
city;downtown;29.0
pool;relaxed;28.0
birds;dragonfly;28.0
bacon;tomato;28.0
dandelion;seed;28.0
purple;shade;28.0
bacon;pepper;28.0
dark;purple;28.0
door;floor;28.0
sidewalk;street;28.0
bacon;sandwich;28.0
petals;pink;28.0
colour;dark;28.0
brick;staircase;28.0
fog;sunny;28.0
valley;waterfall;28.0
rice;soup;28.0
patio;pool;28.0
patio;sitting;28.0
river;scenery;28.0
beard;blonde;28.0
nest;stork;28.0
carrots;pepper;28.0
collage;painted;28.0
jump;swimming;28.0
chapel;gravestone;28.0
feel;smile;28.0
flag;stripes;28.0
harbour;town;28.0
guitar;punk;28.0
scenery;sunny;28.0
christmas;valentine;28.0
bloom;pink;28.0
born;daughter;28.0
insects;rodents;28.0
bedroom;floor;28.0
stairs;wall;28.0
chapel;ruins;28.0
beef;tomato;28.0
doodle;scratch;28.0
daffodils;purple;28.0
lake;scenery;28.0
roof;staircase;28.0
boys;living;28.0
chain;store;28.0
coast;hill;28.0
mushrooms;pepper;28.0
porch;window;28.0
hot;water;28.0
socks;white;28.0
arch;bridge;28.0
dessert;raspberry;28.0
brick;ceiling;28.0
scenery;sunshine;28.0
city;square;28.0
stand;walk;28.0
evening;fun;28.0
happy;sexy;28.0
burger;mac;28.0
painted;sculpture;28.0
misty;morning;28.0
frost;rain;28.0
color;shade;28.0
bacon;potatoes;28.0
patio;stairs;28.0
hot;washing;27.0
button;stickers;27.0
cute;happy;27.0
happy;tears;27.0
pepper;soup;27.0
alley;racing;27.0
smile;tears;27.0
train;underground;27.0
blonde;curled;27.0
flamingo;mammals;27.0
porch;staircase;27.0
ford;river;27.0
room;stairs;27.0
face;glittering;27.0
nest;reptiles;27.0
sailing;sunk;27.0
floor;kitchen;27.0
cottage;garden;27.0
day;weather;27.0
amphibians;insects;27.0
eat;sweet;27.0
pregnant;round;27.0
brown;feathers;27.0
bed;sitting;27.0
bike;rally;27.0
apartment;patio;27.0
cooking;dessert;27.0
lily;purple;27.0
kitchen;patio;27.0
line;subway;27.0
breakfast;room;27.0
gull;reptiles;27.0
dirty;rusty;27.0
bath;bedroom;27.0
cottage;patio;27.0
misty;sunshine;27.0
band;metal;27.0
skyline;tall;27.0
berry;foliage;27.0
mushrooms;salad;27.0
abandoned;soldiers;27.0
bath;kitchen;27.0
sitting;stop;27.0
outdoor;swimming;27.0
ruins;stone;27.0
building;sidewalk;27.0
fell;stop;27.0
cloud;ripples;27.0
cliff;scenery;27.0
salad;strawberry;27.0
graveyard;ruins;27.0
pepper;tomato;27.0
line;metro;27.0
birds;wild;27.0
hill;road;27.0
cliff;harbour;27.0
clothes;sexy;27.0
baseball;club;27.0
petals;purple;27.0
collar;skirt;27.0
cottage;sleep;27.0
match;round;27.0
kitchen;stairs;27.0
church;graveyard;27.0
lighthouse;wall;27.0
kitchen;sitting;27.0
dawn;spring;27.0
hot;spring;27.0
flowers;weather;27.0
children;fun;27.0
evening;walk;27.0
cliff;sea;27.0
cold;mist;27.0
station;theatre;27.0
dusk;misty;27.0
friends;lady;27.0
mountain;sea;26.0
escalator;metro;26.0
living;old;26.0
friends;guy;26.0
theatre;tv;26.0
ceiling;kitchen;26.0
nature;snowman;26.0
coins;tickets;26.0
plane;sailing;26.0
sea;sunk;26.0
bench;boardwalk;26.0
happy;kiss;26.0
bath;bed;26.0
restaurant;shopping;26.0
canine;run;26.0
lunch;sitting;26.0
bus;rail;26.0
frog;tropical;26.0
bathroom;bed;26.0
goose;wolf;26.0
happy;mom;26.0
black;painted;26.0
glittering;scenery;26.0
beef;salad;26.0
construction;downtown;26.0
parking;underground;26.0
park;skate;26.0
apartment;pool;26.0
flood;line;26.0
marble;wall;26.0
hummingbird;tropical;26.0
palace;ruins;26.0
panda;pigs;26.0
frost;shade;26.0
cherry;sweet;26.0
carrots;fruit;26.0
brick;skyscraper;26.0
collage;sculpture;26.0
fruit;potatoes;26.0
grey;stripes;26.0
patio;room;26.0
fun;sexy;26.0
blue;fabric;26.0
guy;sexy;26.0
guitar;track;26.0
misty;scenery;26.0
kitchen;porch;26.0
sweet;wine;26.0
cute;guy;26.0
bedroom;relaxed;26.0
hummingbird;insects;26.0
hill;horizon;26.0
beef;pepper;26.0
hand;left;26.0
beef;deer;26.0
frog;whale;26.0
bright;shade;26.0
cooking;frozen;26.0
festival;gate;26.0
interior;object;25.0
bathroom;sitting;25.0
smoke;sun;25.0
crochet;jewelry;25.0
architecture;skyline;25.0
cold;puddle;25.0
blurred;eyes;25.0
guy;sleep;25.0
baseball;shirt;25.0
amphibians;pelican;25.0
shade;violet;25.0
green;shade;25.0
evening;sunny;25.0
blue;stripes;25.0
patio;staircase;25.0
puddle;street;25.0
eyes;smile;25.0
canine;licking;25.0
outfit;punk;25.0
dragonfly;reptiles;25.0
mist;sunshine;25.0
castle;ruins;25.0
angel;sculpture;25.0
buds;ivy;25.0
chicken;mammals;25.0
family;living;25.0
carrots;sunflower;25.0
interior;stairs;25.0
craft;game;25.0
valley;village;25.0
brown;gull;25.0
decoration;tulip;25.0
buds;pink;25.0
dessert;orange;25.0
mammals;reptiles;25.0
cute;sexy;25.0
relaxed;scenery;25.0
blue;bright;25.0
cold;misty;25.0
floor;skyscraper;25.0
coast;valley;25.0
ceiling;stairs;25.0
couple;living;25.0
red;stripes;25.0
sing;written;25.0
hanging;stand;25.0
meat;pepper;25.0
insects;mammals;25.0
track;vinyl;25.0
show;sketch;25.0
clothes;cute;25.0
harbour;sunk;25.0
dude;sexy;25.0
blue;shade;25.0
garden;house;25.0
crane;wild;25.0
feel;tears;24.0
bar;relaxed;24.0
breakfast;sleep;24.0
shore;valley;24.0
amphibians;wild;24.0
door;kitchen;24.0
sexy;smile;24.0
stripes;white;24.0
family;males;24.0
hummingbird;mammals;24.0
amphibians;dragonfly;24.0
rice;yellow;24.0
happy;time;24.0
line;street;24.0
black;skirt;24.0
porch;wall;24.0
dropped;hanging;24.0
mist;sunny;24.0
pepper;strawberry;24.0
ruins;skyline;24.0
nude;painting;24.0
diner;patio;24.0
bridge;ford;24.0
blonde;cute;24.0
morning;weather;24.0
dress;match;24.0
fungi;rust;24.0
stripes;yellow;24.0
chapel;tower;24.0
feathers;wild;24.0
cake;christmas;24.0
bright;raspberry;24.0
harbor;sunk;24.0
barn;owl;24.0
daisy;purple;24.0
frost;grass;24.0
blue;shirt;24.0
posted;view;24.0
hawk;mammals;24.0
garden;kitchen;24.0
bright;purple;24.0
cute;haircut;24.0
hawk;reptiles;24.0
fun;lego;24.0
snow;sunshine;24.0
bloom;purple;24.0
family;female;24.0
orange;salad;24.0
architecture;shade;24.0
bedroom;stairs;24.0
hill;town;24.0
bread;dessert;24.0
cathedral;step;24.0
bedroom;staircase;24.0
shore;town;24.0
bench;game;24.0
mist;sunlight;24.0
fountain;marble;24.0
makeup;reflection;24.0
cocktail;relaxed;24.0
sketch;texture;24.0
deer;elephant;24.0
bed;ceiling;24.0
evening;relaxed;24.0
berry;ivy;24.0
ruins;village;24.0
cafe;street;24.0
palm;twigs;24.0
frost;spring;24.0
daisy;pink;24.0
dirty;hand;24.0
arch;wall;24.0
porch;room;24.0
cottage;scenery;24.0
fruit;meat;24.0
cute;smile;24.0
bath;floor;24.0
old;town;24.0
skirt;white;24.0
glittering;misty;23.0
fire;sand;23.0
sitting;staircase;23.0
blue;dark;23.0
nails;rusty;23.0
ceiling;marble;23.0
basket;dinner;23.0
card;party;23.0
bright;foliage;23.0
cold;dripping;23.0
lamb;snow;23.0
cafe;relaxed;23.0
cathedral;ruins;23.0
hill;river;23.0
friends;night;23.0
orange;shade;23.0
living;males;23.0
coffee;lunch;23.0
key;palace;23.0
shop;show;23.0
burger;dessert;23.0
morning;relaxed;23.0
craft;note;23.0
dessert;sandwich;23.0
dirty;feel;23.0
beer;patio;23.0
eat;frozen;23.0
brick;porch;23.0
ceiling;door;23.0
deer;insects;23.0
happy;home;23.0
rock;track;23.0
footprint;tiles;23.0
exhibition;work;23.0
city;lamp;23.0
cute;lady;23.0
shade;white;23.0
beauty;orchids;23.0
hummingbird;rodents;23.0
haircut;sexy;23.0
arch;concrete;23.0
airport;asphalt;23.0
air;dew;23.0
pregnancy;sitting;23.0
frost;plant;23.0
forest;hummingbird;23.0
kiss;smile;23.0
eat;rabbit;23.0
autumn;shade;23.0
guy;kids;23.0
fell;love;23.0
oak;rose;23.0
city;fireworks;23.0
lamb;mother;23.0
cone;diamond;23.0
concrete;school;23.0
scenery;sketch;23.0
face;guy;23.0
scenery;shore;23.0
daisy;gravestone;23.0
field;skyscraper;23.0
leather;rope;23.0
sunk;sunset;23.0
amphibians;brown;23.0
evening;misty;23.0
miniature;painting;23.0
dessert;wine;23.0
foliage;tall;23.0
evening;lunch;23.0
dark;orange;23.0
dessert;lunch;23.0
misty;mountain;23.0
boys;hand;23.0
dessert;soup;23.0
blue;skirt;22.0
dark;pink;22.0
interior;patio;22.0
sunny;wet;22.0
camera;painting;22.0
automobile;police;22.0
boardwalk;evening;22.0
guy;smile;22.0
sitting;time;22.0
pink;skirt;22.0
ivy;wall;22.0
rock;sing;22.0
action;truck;22.0
hill;shore;22.0
happy;morning;22.0
demolition;skyscraper;22.0
happy;idea;22.0
hummingbird;reptiles;22.0
breakfast;sitting;22.0
light;sleep;22.0
cute;feel;22.0
beads;gold;22.0
clothes;haircut;22.0
evening;sunshine;22.0
foliage;violet;22.0
cathedral;interior;22.0
posted;quote;22.0
mammals;pelican;22.0
escalator;underground;22.0
band;outfit;22.0
church;interior;22.0
market;sushi;22.0
grey;rusty;22.0
arch;brick;22.0
feel;sleep;22.0
insects;twigs;22.0
colorful;toys;22.0
cherry;vine;22.0
dessert;noodles;22.0
black;pencil;22.0
band;track;22.0
happy;sleep;22.0
skate;vehicle;22.0
dessert;rice;22.0
movie;shopping;22.0
shade;twigs;22.0
frost;sunny;22.0
misty;sky;22.0
misty;sunset;22.0
black;stripes;22.0
church;porch;22.0
morning;smile;22.0
autumn;frost;22.0
bath;patio;22.0
person;stairs;22.0
pumpkin;valley;22.0
dark;pod;22.0
children;living;22.0
orchids;patio;22.0
shade;yellow;21.0
dirty;dripping;21.0
key;stone;21.0
people;stairs;21.0
bathroom;staircase;21.0
dome;interior;21.0
breakfast;hotel;21.0
bike;patio;21.0
female;old;21.0
glittering;smile;21.0
downtown;shore;21.0
fruit;sunflower;21.0
feline;reptiles;21.0
run;train;21.0
shopping;street;21.0
cat;garden;21.0
cute;mom;21.0
steel;wing;21.0
guy;walk;21.0
horse;work;21.0
chipmunk;wolf;21.0
red;shade;21.0
school;traffic;21.0
dance;hotel;21.0
sunny;winter;21.0
ceramic;colour;21.0
house;poster;21.0
colorful;frame;21.0
sweet;vine;21.0
barn;food;21.0
field;squirrel;21.0
brown;hawk;21.0
city;small;21.0
dark;violet;21.0
brick;interior;21.0
couple;female;21.0
cliff;sand;21.0
key;motor;21.0
square;town;21.0
misty;sunny;21.0
jean;washing;21.0
feet;piano;21.0
model;toes;21.0
crystal;spiral;21.0
cliff;shore;21.0
lake;whale;21.0
shore;waterfall;21.0
foliage;pink;21.0
hawk;insects;21.0
curled;whiskers;21.0
dessert;pepper;21.0
dinner;room;21.0
art;drive;21.0
dropped;time;21.0
hanging;sitting;21.0
skin;sunglasses;21.0
lunch;morning;21.0
drug;musicians;21.0
redhead;rusty;21.0
living;race;21.0
fell;stand;21.0
cliff;fence;21.0
misty;snow;21.0
gasoline;town;21.0
decoration;twigs;21.0
flowers;shade;21.0
skin;skirt;21.0
feel;idea;21.0
ruins;town;21.0
bedroom;breakfast;21.0
lunch;relaxed;21.0
fountain;hill;20.0
couple;males;20.0
bathroom;patio;20.0
dusk;hummingbird;20.0
guitar;vinyl;20.0
bright;fruit;20.0
dead;hanging;20.0
heart;wing;20.0
salad;sunflower;20.0
bedroom;patio;20.0
badge;metro;20.0
fun;time;20.0
dark;red;20.0
concrete;interior;20.0
cone;windmill;20.0
racing;shirt;20.0
mom;smile;20.0
object;scooter;20.0
cone;hill;20.0
breakfast;relaxed;20.0
friends;relaxed;20.0
fun;guy;20.0
black;bright;20.0
dancers;palace;20.0
frozen;salad;20.0
brown;hummingbird;20.0
escalator;railway;20.0
camel;outdoor;20.0
autumn;buds;20.0
males;old;20.0
held;nest;20.0
cute;mammals;20.0
baseball;show;20.0
patio;spring;20.0
mammals;nest;20.0
cow;pregnancy;20.0
fun;night;20.0
game;rocket;20.0
downtown;ruins;20.0
makeup;people;20.0
interior;porch;20.0
bed;patio;20.0
relaxed;sunshine;20.0
dark;yellow;20.0
floor;sitting;20.0
grave;number;20.0
mill;sunflower;20.0
farm;wind;20.0
cold;washing;20.0
dripping;hot;20.0
idea;people;20.0
couple;old;20.0
food;gull;20.0
gate;hotel;20.0
glittering;night;20.0
cold;sun;20.0
chicken;pepper;20.0
salad;sweet;20.0
porch;stone;20.0
coffee;room;20.0
berry;bright;20.0
amphibians;hummingbird;20.0
flamingo;insects;20.0
club;shirt;20.0
porch;tower;20.0
skateboard;swimsuit;20.0
desert;road;20.0
kiss;tears;20.0
feathers;grey;20.0
club;match;19.0
sitting;sleep;19.0
chapel;porch;19.0
figure;spiral;19.0
buds;purple;19.0
birds;shade;19.0
blonde;dark;19.0
burger;frozen;19.0
chain;engine;19.0
bathroom;porch;19.0
country;work;19.0
left;stop;19.0
desk;white;19.0
object;piano;19.0
can;mill;19.0
female;race;19.0
frost;sunshine;19.0
soup;sweet;19.0
black;seat;19.0
lion;pelican;19.0
graffiti;interior;19.0
apartment;sleep;19.0
cold;summer;19.0
market;orange;19.0
guy;kiss;19.0
dirty;guy;19.0
arms;caterpillars;19.0
foliage;frost;19.0
gravestone;pattern;19.0
shop;summer;19.0
petals;shade;19.0
gull;mammals;19.0
cone;palm;19.0
makeup;town;19.0
gull;insects;19.0
dessert;meat;19.0
morning;sitting;19.0
dolls;new;19.0
butterfly;glittering;19.0
interior;skyscraper;19.0
market;white;19.0
cute;fun;19.0
night;sunny;19.0
bed;staircase;19.0
miniature;painted;19.0
bloom;glittering;19.0
evening;friends;19.0
city;mill;19.0
coast;downtown;18.0
dew;sunshine;18.0
dragonfly;underwater;18.0
star;storm;18.0
patio;washing;18.0
cold;ear;18.0
house;windmill;18.0
flying;toys;18.0
breakfast;evening;18.0
hanging;rusty;18.0
dinner;relaxed;18.0
aircraft;door;18.0
porch;ruins;18.0
cop;dirty;18.0
cross;tower;18.0
city;old;18.0
cold;sunshine;18.0
dragon;metal;18.0
light;shed;18.0
hotel;library;18.0
feel;friends;18.0
parking;scenery;18.0
ruins;tower;18.0
abandoned;railroad;18.0
bright;violet;18.0
couple;makeup;18.0
dude;smile;18.0
dirty;rabbit;18.0
smile;walk;18.0
autumn;daffodils;18.0
hotel;sand;18.0
crystal;dirt;18.0
reptiles;stork;18.0
coast;sunk;18.0
dark;rusty;18.0
band;vinyl;18.0
parrot;reptiles;18.0
steel;town;18.0
architecture;table;18.0
bedroom;porch;18.0
aquarium;seagull;18.0
butterfly;transformers;18.0
feel;sitting;18.0
landscape;stadium;18.0
lunch;walk;18.0
church;cookies;18.0
stripes;violet;18.0
origami;white;18.0
bag;flag;18.0
escalator;station;18.0
dawn;snow;18.0
green;lantern;18.0
painting;work;18.0
pigeon;round;18.0
haircut;smile;18.0
coast;sketch;18.0
colorful;duck;18.0
man;stand;18.0
demolition;interior;18.0
pelican;toes;18.0
garage;garden;18.0
brown;insects;18.0
family;old;18.0
brown;pelican;18.0
fountain;parade;18.0
fungi;insects;18.0
female;living;18.0
frost;hot;18.0
handle;shop;17.0
happy;stand;17.0
collection;work;17.0
pepper;sunflower;17.0
graphic;roof;17.0
played;spiral;17.0
cute;fashion;17.0
ball;square;17.0
red;tea;17.0
port;sweet;17.0
lunch;sunny;17.0
night;stop;17.0
muscle;nature;17.0
guy;sitting;17.0
game;scooter;17.0
interior;toys;17.0
gate;pebbles;17.0
blue;socks;17.0
bedroom;pool;17.0
graveyard;house;17.0
feet;friends;17.0
cute;idea;17.0
bed;picture;17.0
glass;road;17.0
bed;kitchen;17.0
dusk;gull;17.0
bicycle;green;17.0
shade;whale;17.0
lab;spider;17.0
bar;stairs;17.0
hanging;time;17.0
reptiles;swim;17.0
happy;night;17.0
dude;fun;17.0
branch;tea;17.0
club;played;17.0
garbage;lunch;17.0
interior;tower;17.0
breakfast;people;17.0
couple;race;17.0
bay;porch;17.0
country;library;17.0
black;cigarette;17.0
handle;tram;17.0
feel;stairs;17.0
oak;petals;17.0
lake;town;17.0
played;signed;17.0
old;race;17.0
parade;store;17.0
jellyfish;texture;17.0
curled;leaf;17.0
hummingbird;moss;17.0
book;gold;17.0
desk;match;17.0
handle;lighting;17.0
frozen;soup;17.0
dude;sitting;17.0
amphibians;stork;16.0
asphalt;crane;16.0
bright;grey;16.0
flight;jaguar;16.0
happy;toes;16.0
bathroom;stairs;16.0
bay;curve;16.0
feet;train;16.0
snow;sunny;16.0
blue;happy;16.0
sunshine;wet;16.0
clown;jellyfish;16.0
family;town;16.0
pattern;time;16.0
cherry;peel;16.0
bakery;vehicle;16.0
cross;posted;16.0
garbage;underground;16.0
bible;leaf;16.0
nature;new;16.0
cute;dude;16.0
curve;dance;16.0
autumn;hat;16.0
fabric;handle;16.0
arms;white;16.0
feel;fun;16.0
bridge;ceramic;16.0
ruins;valley;16.0
castle;patio;16.0
button;grey;16.0
club;signed;16.0
feathers;insects;16.0
hotel;oak;16.0
alley;punk;16.0
design;muscle;16.0
circle;snake;16.0
auto;quote;16.0
posted;white;16.0
animals;clown;16.0
dinner;sleep;16.0
office;women;16.0
line;underground;16.0
metro;television;16.0
waterfall;wood;16.0
relaxed;restaurant;16.0
bed;stairs;16.0
dude;husky;16.0
demolition;skyline;16.0
ceiling;patio;16.0
flight;museum;16.0
paper;tattoo;16.0
action;subway;16.0
grave;shore;16.0
sunshine;winter;16.0
ford;wall;16.0
band;stockings;16.0
dirty;tears;16.0
leg;stripes;16.0
family;square;16.0
eyes;sky;16.0
dinner;morning;16.0
apartment;beach;16.0
bus;crane;16.0
aquarium;coins;16.0
path;sunflower;16.0
red;uniform;16.0
band;ear;16.0
kitchen;staircase;16.0
glittering;vintage;16.0
gold;texture;16.0
air;carnival;16.0
guy;stand;16.0
bacon;sweet;16.0
abstract;feel;16.0
band;bride;16.0
mom;sitting;15.0
foliage;purple;15.0
husky;painting;15.0
evening;surfers;15.0
postcards;texture;15.0
breakfast;night;15.0
makeup;skull;15.0
guy;tears;15.0
hamster;locked;15.0
chess;family;15.0
fun;haircut;15.0
buds;shade;15.0
ad;track;15.0
dead;pigeon;15.0
chipmunk;illustrations;15.0
cold;silver;15.0
insects;number;15.0
bar;boat;15.0
restaurant;scenery;15.0
hair;stencil;15.0
guy;idea;15.0
gravestone;silhouette;15.0
bright;mist;15.0
coins;musicians;15.0
arms;bicycle;15.0
hanging;morning;15.0
demolition;tall;15.0
bedroom;diner;15.0
candles;line;15.0
bar;ship;15.0
club;cone;15.0
art;christmas;15.0
travel;wood;15.0
feet;outdoor;15.0
hanging;left;15.0
rusty;shade;15.0
abstract;moon;15.0
auto;round;15.0
mist;temple;15.0
stripes;urban;15.0
smile;view;15.0
ripples;shadow;15.0
dirty;fun;15.0
haircut;hanging;15.0
brick;skyline;15.0
bathroom;sleep;15.0
school;tears;15.0
cute;friends;15.0
action;dress;15.0
cow;station;15.0
played;sailing;15.0
fungi;pattern;15.0
button;police;15.0
ceramic;church;15.0
home;smoking;15.0
food;wild;15.0
colorful;wood;15.0
smile;time;15.0
amphibians;flamingo;15.0
apartment;children;15.0
graveyard;silver;15.0
outfit;signed;15.0
dude;kids;15.0
pole;weather;15.0
city;round;15.0
nails;wolf;15.0
night;sunshine;15.0
bath;sleep;15.0
hanging;stencil;15.0
cherry;meat;14.0
blue;poster;14.0
fire;movie;14.0
drawn;wing;14.0
husky;played;14.0
dripping;rusty;14.0
arrow;boxer;14.0
basket;moss;14.0
pin;wing;14.0
apartment;valley;14.0
guy;poodle;14.0
seagull;urban;14.0
dessert;tomato;14.0
eggs;family;14.0
aircraft;guy;14.0
dark;flamingo;14.0
cheerleaders;scenery;14.0
pink;shade;14.0
couple;outdoor;14.0
garden;smoke;14.0
glass;mill;14.0
race;square;14.0
paper;vine;14.0
smile;stand;14.0
frost;summer;14.0
bay;parking;14.0
kiss;sitting;14.0
monkeys;oak;14.0
beads;redhead;14.0
animals;hand;14.0
cute;music;14.0
downtown;hockey;14.0
dead;guy;14.0
aircraft;asphalt;14.0
magazine;run;14.0
flight;rain;14.0
bathroom;garden;14.0
door;skyscraper;14.0
makeup;old;14.0
game;signed;14.0
dead;face;14.0
friends;sexy;14.0
flowers;interior;14.0
bag;wire;14.0
game;goats;14.0
note;rally;14.0
stairs;steel;14.0
diamond;stencil;14.0
nature;tv;14.0
happy;posted;14.0
abstract;rally;14.0
party;sailing;14.0
beard;kitty;14.0
eat;seagull;14.0
building;sandwich;14.0
belly;black;14.0
left;walk;14.0
dark;stripes;14.0
ford;valley;14.0
insects;stork;14.0
animals;mural;14.0
leather;weed;14.0
pub;washing;14.0
left;played;14.0
cop;gravestone;14.0
book;building;14.0
happy;walk;14.0
colorful;lab;14.0
flag;quote;14.0
sunk;time;14.0
friends;sitting;14.0
lantern;oak;14.0
sitting;smile;14.0
cottage;outfit;14.0
downtown;locked;14.0
pets;poster;14.0
industrial;lake;14.0
licking;sitting;14.0
pool;rust;14.0
stripes;train;14.0
beef;downtown;13.0
blonde;eyes;13.0
lady;sunset;13.0
feel;stop;13.0
old;seat;13.0
dirty;happy;13.0
ruins;shore;13.0
black;paws;13.0
eggs;lego;13.0
born;played;13.0
black;pigeon;13.0
feathers;reptiles;13.0
gymnastics;port;13.0
mom;snowman;13.0
dirty;haircut;13.0
party;seat;13.0
lily;pigs;13.0
dirty;hanging;13.0
guy;wire;13.0
orange;shop;13.0
cactus;fell;13.0
circle;sports;13.0
redhead;reflection;13.0
cafe;reflection;13.0
outfit;played;13.0
bar;female;13.0
belly;dirty;13.0
rope;train;13.0
boardwalk;dropped;13.0
abstract;candles;13.0
church;soldiers;13.0
boxer;reflection;13.0
crystal;silhouette;13.0
feel;guy;13.0
pattern;pier;13.0
downtown;field;13.0
beer;wild;13.0
hanging;happy;13.0
rope;shore;13.0
airplane;camera;13.0
button;flowers;13.0
frozen;shop;13.0
curled;licking;13.0
sunny;zoo;13.0
people;stop;13.0
bucket;insects;13.0
fence;friends;13.0
can;sketch;13.0
frozen;pebbles;13.0
ceramic;living;13.0
day;horse;13.0
born;boxer;13.0
iris;necklace;13.0
lighting;person;13.0
boot;cliff;13.0
landscape;umbrella;13.0
man;transformers;13.0
dark;sand;13.0
ruins;swimsuit;13.0
abstract;rose;13.0
guy;gymnastics;12.0
grass;ruins;12.0
lighting;stone;12.0
porch;scooter;12.0
colour;wild;12.0
crane;stairs;12.0
shore;tears;12.0
cactus;porch;12.0
belly;drawn;12.0
fabric;photos;12.0
lamb;lantern;12.0
owl;rocket;12.0
party;scooter;12.0
display;scratch;12.0
ball;curled;12.0
cookies;peel;12.0
couple;posted;12.0
field;red;12.0
theatre;wolf;12.0
blue;swing;12.0
guy;happy;12.0
quote;santa;12.0
dude;feel;12.0
bath;wine;12.0
brown;wet;12.0
kiss;stop;12.0
husky;match;12.0
cocktail;garage;12.0
face;stand;12.0
kids;stop;12.0
boxer;diner;12.0
patio;sleep;12.0
city;family;12.0
dropped;rusty;12.0
parade;table;12.0
dawn;drug;12.0
design;orange;12.0
lunch;sunshine;12.0
dirty;dude;12.0
fun;tears;12.0
bikini;ivy;12.0
step;swimsuit;12.0
frog;poppy;12.0
cross;pub;12.0
frost;lily;12.0
curve;outdoor;12.0
collage;stream;12.0
twigs;underground;12.0
chair;holiday;12.0
coffee;sun;12.0
lighting;sleep;12.0
mill;wild;12.0
circle;wig;12.0
highway;squirrel;12.0
pin;truck;12.0
boxer;swimming;12.0
shore;small;12.0
punk;vinyl;12.0
number;web;12.0
brown;demolition;12.0
interior;skyline;12.0
breakfast;floor;12.0
aerial;clown;12.0
hat;peel;12.0
baseball;rainbow;12.0
dude;happy;12.0
feet;mural;12.0
creatures;grey;12.0
cross;outfit;12.0
left;smile;11.0
fishing;rainbow;11.0
bathroom;dude;11.0
painted;puddle;11.0
skating;stickers;11.0
dome;uniform;11.0
lawn;sleep;11.0
office;sun;11.0
military;reflection;11.0
fashion;handwriting;11.0
cop;ruins;11.0
blurred;metro;11.0
smile;stop;11.0
cute;licking;11.0
cross;mug;11.0
concrete;pin;11.0
cigarette;hotel;11.0
airplane;market;11.0
architecture;yellow;11.0
handle;terrier;11.0
patio;women;11.0
green;gull;11.0
dew;parrot;11.0
country;hanging;11.0
dude;hanging;11.0
stripes;tank;11.0
hanging;tears;11.0
crochet;family;11.0
cute;posted;11.0
machine;sketch;11.0
feel;haircut;11.0
match;moss;11.0
art;sailing;11.0
foliage;restaurant;11.0
tea;village;11.0
branch;feline;11.0
day;plane;11.0
gold;idea;11.0
moon;mushrooms;11.0
interior;tall;11.0
mallard;portrait;11.0
living;stitches;11.0
fun;morning;11.0
dripping;rust;11.0
fun;stop;11.0
gull;mill;11.0
dirty;friends;11.0
blue;hand;11.0
bucket;curve;11.0
patio;swan;11.0
body;miniature;11.0
cafe;children;11.0
belly;stripes;11.0
mural;taxi;11.0
furniture;man;11.0
beads;library;11.0
daffodils;wool;11.0
eat;shade;11.0
collection;jellyfish;11.0
country;elephant;11.0
line;temple;11.0
beads;chess;11.0
skirt;wig;11.0
daisy;flood;11.0
camera;rally;11.0
happy;sitting;11.0
bottle;construction;11.0
auto;bright;11.0
computer;railway;11.0
night;sitting;11.0
hair;lizard;11.0
happy;licking;11.0
jump;sunlight;11.0
desert;smoke;11.0
chopper;window;11.0
left;rusty;11.0
hanging;stop;11.0
animals;sandwich;11.0
cute;dirty;11.0
cafe;drawn;11.0
boxer;pyramid;11.0
arms;television;10.0
feel;hanging;10.0
asphalt;moon;10.0
dusk;skirt;10.0
car;skull;10.0
left;sitting;10.0
outfit;rock;10.0
mom;stop;10.0
dripping;round;10.0
friends;stop;10.0
asphalt;water;10.0
sitting;tears;10.0
cafe;spiral;10.0
ad;bacon;10.0
green;phone;10.0
duck;outfit;10.0
coast;zebra;10.0
breakfast;makeup;10.0
purple;stripes;10.0
clothes;skyline;10.0
step;wind;10.0
portrait;rocket;10.0
break;glittering;10.0
construction;sailing;10.0
boys;gate;10.0
lens;storm;10.0
orange;school;10.0
shirt;show;10.0
gasoline;pepper;10.0
drug;sing;10.0
stickers;track;10.0
furniture;nature;10.0
played;rail;10.0
rusty;stand;10.0
military;wasp;10.0
port;squirrel;10.0
grapes;rainbow;10.0
flood;neon;10.0
morning;tears;10.0
memorial;rope;10.0
bright;rusty;10.0
home;wet;10.0
feathers;sunflower;10.0
house;stop;10.0
plant;skate;10.0
cocktail;dandelion;10.0
airport;feet;10.0
display;pond;10.0
alley;bloom;10.0
escalator;redhead;10.0
caterpillars;painted;10.0
bacon;wild;10.0
stand;tears;10.0
collar;tiger;10.0
car;hawk;10.0
burn;reading;10.0
cigarette;living;10.0
footprint;scooter;10.0
barn;mug;10.0
bacon;guy;10.0
keyboard;soldiers;10.0
cute;sitting;10.0
track;yellow;10.0
bag;dude;10.0
lady;stop;10.0
arrow;mural;10.0
jacket;stream;10.0
lab;rusty;10.0
jaguar;storm;10.0
dirty;smile;10.0
friends;rusty;10.0
morning;stop;10.0
cemetery;males;10.0
jump;stitches;10.0
friends;left;10.0
family;hawk;10.0
monster;rock;10.0
feel;time;10.0
face;hanging;10.0
pizza;railway;10.0
cross;shopping;10.0
guy;hanging;10.0
craft;van;10.0
art;beer;9.0
beard;flamingo;9.0
monster;shell;9.0
bench;mask;9.0
club;river;9.0
boxer;children;9.0
fungi;leather;9.0
licking;stop;9.0
creatures;reading;9.0
ivy;urban;9.0
bed;candy;9.0
feel;spiral;9.0
hockey;signed;9.0
daughter;pub;9.0
idea;rusty;9.0
lighting;man;9.0
dude;posted;9.0
mill;puddle;9.0
santa;table;9.0
action;whiskers;9.0
eat;web;9.0
hot;winter;9.0
dog;silver;9.0
lips;run;9.0
porch;pug;9.0
birds;pregnancy;9.0
camera;crow;9.0
eat;truck;9.0
licking;marble;9.0
rabbit;stop;9.0
paper;railway;9.0
poster;tank;9.0
clothes;transformers;9.0
smoking;sunny;9.0
cactus;leg;9.0
held;theatre;9.0
arms;outdoor;9.0
lighting;panda;9.0
punk;toes;9.0
branch;protest;9.0
daughter;graphic;9.0
air;fruit;9.0
book;copper;9.0
night;stickers;9.0
explosion;table;9.0
snake;strawberry;9.0
dragon;dropped;9.0
dog;sailing;9.0
burn;ripples;9.0
clock;pink;9.0
kittens;lingerie;9.0
abandoned;frost;9.0
chicken;star;9.0
seed;stairs;9.0
left;night;9.0
small;valley;9.0
green;number;9.0
left;morning;9.0
locked;mannequin;9.0
shade;whiskers;9.0
collar;garbage;9.0
ink;organ;9.0
poppy;store;9.0
smoking;vine;9.0
flame;words;9.0
daffodils;frost;9.0
dancers;rusty;9.0
canal;coffee;9.0
camera;mallard;9.0
noodles;pigeon;9.0
couple;square;9.0
rainbow;whale;9.0
flying;keyboard;9.0
soup;view;9.0
goats;pebbles;9.0
abandoned;button;9.0
belly;dark;9.0
diamond;parade;9.0
horse;sweet;9.0
ancient;pod;9.0
banana;feet;9.0
shed;traffic;9.0
bucket;morning;9.0
bucket;duck;8.0
dessert;eyes;8.0
cold;flag;8.0
skin;television;8.0
bedroom;feline;8.0
palm;traffic;8.0
necklace;snow;8.0
licking;origami;8.0
protest;tiles;8.0
beetles;chocolate;8.0
monkeys;pumpkin;8.0
cop;music;8.0
beard;sports;8.0
gasoline;summer;8.0
footprint;holiday;8.0
abandoned;crane;8.0
car;pigs;8.0
grave;santa;8.0
iron;splash;8.0
dirt;gymnastics;8.0
orange;wet;8.0
ceramic;ocean;8.0
vintage;zebra;8.0
hair;shore;8.0
lingerie;underground;8.0
marble;postcards;8.0
fish;leg;8.0
book;smoking;8.0
kiss;rusty;8.0
canal;number;8.0
kitchen;sleep;8.0
cherry;lamb;8.0
bag;cop;8.0
leaf;moon;8.0
dude;time;8.0
kitchen;outfit;8.0
garbage;jean;8.0
bedroom;downtown;8.0
grass;ski;8.0
day;held;8.0
mug;vehicle;8.0
lighting;small;8.0
sea;sing;8.0
computer;farm;8.0
feline;pumpkin;8.0
jean;map;8.0
dirty;eagle;8.0
book;ceramic;8.0
van;vine;8.0
desert;roof;8.0
seagull;tag;8.0
jewelry;muscle;8.0
milk;outdoor;8.0
guy;rusty;8.0
chocolate;jellyfish;8.0
boxer;stairs;8.0
jaguar;pier;7.0
nuts;waterfall;7.0
bread;chair;7.0
goats;vinyl;7.0
kittens;rain;7.0
hanging;smile;7.0
bikini;sculpture;7.0
bible;dirt;7.0
portrait;underground;7.0
clock;stripes;7.0
buds;floor;7.0
air;knitting;7.0
idea;stop;7.0
haircut;stop;7.0
storm;sweet;7.0
auto;santa;7.0
marble;sing;7.0
drive;ear;7.0
born;subway;7.0
pumpkin;road;7.0
makeup;race;7.0
washing;web;7.0
haircut;pyramid;7.0
blonde;rock;7.0
belly;field;7.0
mammals;yellow;7.0
painted;sing;7.0
cat;locomotives;7.0
dead;sidewalk;7.0
angel;pod;7.0
eat;underwater;7.0
makeup;square;7.0
cigarette;tiles;7.0
museum;scratch;7.0
butterfly;stadium;7.0
graveyard;porch;7.0
flame;peacock;7.0
chopper;poppy;7.0
rusty;tears;7.0
bloom;friends;7.0
gun;jaguar;7.0
guy;stop;7.0
cloud;kittens;7.0
pillow;stone;7.0
stockings;tomato;7.0
frost;protest;7.0
signed;stockings;7.0
angel;asphalt;7.0
ski;skirt;7.0
cat;purple;7.0
diner;muscle;7.0
marble;sunglasses;7.0
berry;flying;7.0
chocolate;rock;7.0
airplane;guitar;7.0
bread;ocean;7.0
bay;chipmunk;7.0
tall;wool;7.0
restaurant;violet;7.0
dropped;fun;7.0
purple;twigs;7.0
cemetery;cone;7.0
face;stop;7.0
dude;stop;7.0
bicycle;handwriting;7.0
chapel;dusk;7.0
cute;twigs;7.0
dragon;oak;7.0
drug;reflection;7.0
apple;relaxed;7.0
bakery;panorama;7.0
mallard;poster;7.0
snake;taxi;7.0
dessert;head;7.0
born;hockey;7.0
puddle;red;7.0
brick;dress;7.0
building;zombie;7.0
neon;tank;7.0
bible;cottage;7.0
bath;panorama;7.0
automobile;fabric;7.0
gun;picture;7.0
cow;table;6.0
born;construction;6.0
dye;kiss;6.0
baseball;born;6.0
crab;grave;6.0
craft;soup;6.0
locked;misty;6.0
horse;interior;6.0
grass;stop;6.0
jellyfish;punk;6.0
parade;salad;6.0
reptiles;vacation;6.0
clown;flood;6.0
aerial;violet;6.0
crab;ink;6.0
canyon;pizza;6.0
butterfly;left;6.0
hamster;party;6.0
museum;swim;6.0
lego;rodents;6.0
branch;lego;6.0
game;husky;6.0
camel;highway;6.0
baseball;cheetah;6.0
stripes;weather;6.0
journal;squirrel;6.0
cake;rusty;6.0
bacon;view;6.0
dandelion;stand;6.0
cheetah;flame;6.0
abstract;vehicle;6.0
party;sunk;6.0
floor;transformers;6.0
amphibians;berry;6.0
marble;monkeys;6.0
jump;salad;6.0
subway;valentine;6.0
baseball;cactus;6.0
ancient;poster;6.0
grass;skull;6.0
cattle;web;6.0
drive;lego;6.0
flying;sexy;6.0
ink;tropical;6.0
pyramid;swimsuit;6.0
chess;sleep;6.0
bag;wild;6.0
chapel;whiskers;6.0
chair;words;6.0
angel;construction;6.0
exhibition;soup;6.0
kittens;travel;6.0
swim;vehicle;6.0
costumes;ocean;6.0
pigeon;reading;6.0
origami;stadium;6.0
animals;candy;6.0
happy;stop;5.0
insects;mom;5.0
canyon;piano;5.0
leather;swan;5.0
goose;outfit;5.0
sunglasses;weed;5.0
played;wine;5.0
monkeys;restaurant;5.0
goose;locomotives;5.0
garage;mammals;5.0
drug;wolf;5.0
graveyard;pug;5.0
chair;ipod;5.0
rice;tickets;5.0
mammals;rope;5.0
hill;rust;5.0
paws;protest;5.0
petals;pug;5.0
interior;mushrooms;5.0
chocolate;squirrel;5.0
mammals;written;5.0
reading;seagull;5.0
parking;photographer;5.0
tea;whiskers;5.0
cactus;gasoline;5.0
kitchen;wedding;5.0
chocolate;wig;5.0
hanging;mom;5.0
dragonfly;piano;5.0
leather;sunshine;5.0
handwriting;pigs;5.0
brick;rabbit;5.0
burger;mountain;5.0
girls;morning;5.0
canal;silhouette;5.0
advertisement;pond;5.0
paws;theatre;5.0
raspberry;written;5.0
family;red;5.0
concrete;swan;5.0
bedroom;canyon;5.0
breakfast;staircase;5.0
flame;sidewalk;5.0
carrots;city;5.0
ipod;rope;5.0
licking;rusty;5.0
meat;pond;5.0
female;machine;5.0
living;makeup;5.0
piano;wolf;5.0
girls;wind;5.0
frog;subway;5.0
map;weed;5.0
bike;flame;5.0
dew;engine;5.0
cake;library;5.0
carnival;wool;5.0
bottle;library;5.0
eat;hair;5.0
dragon;furniture;5.0
skull;storm;5.0
rodents;smile;5.0
punk;skyscraper;5.0
gun;pizza;4.0
female;square;4.0
pub;snowman;4.0
meat;moon;4.0
potatoes;skating;4.0
dragonfly;wine;4.0
flight;whiskers;4.0
boxer;lighthouse;4.0
fungi;wedding;4.0
licking;pier;4.0
mirror;raspberry;4.0
bike;hummingbird;4.0
key;misty;4.0
cafe;frog;4.0
soup;wool;4.0
carrots;memorial;4.0
lion;square;4.0
bucket;girls;4.0
feline;nuts;4.0
gun;quote;4.0
furniture;pizza;4.0
goose;stencil;4.0
chicken;knitting;4.0
abstract;frog;4.0
ceiling;mug;4.0
fish;rocket;4.0
flamingo;office;4.0
rabbit;sphere;4.0
ice;sheep;4.0
car;tongue;4.0
bracelet;mountain;4.0
cocktail;written;4.0
lego;weather;4.0
cigarette;skating;3.0
happy;rusty;3.0
tomato;whale;3.0
chess;cigarette;3.0
fish;theatre;3.0
donut;panda;3.0
hot;zombie;3.0
machine;pond;3.0
guitar;nude;3.0
giraffe;mist;3.0
bread;cliff;3.0
bible;misty;3.0
construction;violet;3.0
cheetah;soup;3.0
puppy;skyline;3.0
children;ford;3.0
cheetah;phone;3.0
explosion;stencil;3.0
carrots;design;2.0
jellyfish;rally;2.0
military;tomato;2.0
gun;stairs;2.0
cafe;lizard;2.0
posted;tulip;2.0
grave;hat;2.0
apple;cute;2.0
angel;gasoline;1.0
giraffe;harbor;1.0
feathers;truck;1.0
festival;whiskers;1.0
muscle;tulip;1.0
bikini;pizza;1.0
bakery;zebra;0.0